{
    "number_of_datapoints": 194553,
    "data_statistic": "{\"0\":{\"count\":194553.0,\"mean\":118.2232553597,\"std\":936.2312769541,\"min\":0.0,\"25%\":0.0,\"50%\":3.0,\"75%\":16.0,\"max\":48526.0}}"
}